Id_filmu,Data_dodania
4lEQAmTLEkU,2022-04-13 13:51:15 UTC
UzWkRjATwFQ,2022-04-13 13:42:24 UTC
EKRkAEjjhpE,2022-04-12 20:22:28 UTC
TsU4p4jwnBU,2022-04-11 22:17:40 UTC
wTtk63XAe1E,2022-04-11 16:21:59 UTC
DJzEiV1sGaY,2022-04-10 23:08:15 UTC
UIf0Rq-09n0,2022-04-10 19:47:03 UTC
kRvrsm6_msI,2020-06-15 17:17:24 UTC
3bgZGZXJQ5M,2020-06-12 14:24:08 UTC
D4MZTU1-_bw,2020-06-11 23:31:46 UTC
jZIVYXicHHI,2020-06-08 20:34:35 UTC
LpQArtCeXTk,2019-06-30 19:38:53 UTC
ADkxKe2iDhM,2019-06-30 19:28:14 UTC
C7huB5JgRS0,2019-06-30 18:58:13 UTC
ga0ojr2m31Y,2019-06-30 18:52:09 UTC
2lc2fEhH25g,2019-06-27 15:38:28 UTC
CsUS-jRB6Cc,2019-06-26 17:19:14 UTC
oe2lQkbOSNo,2019-06-25 12:47:05 UTC
V2aJwNGzmQo,2019-06-25 11:03:33 UTC
OIT0ucf_gys,2019-06-23 17:42:44 UTC
mzAb3m0a2Sk,2019-06-20 13:14:39 UTC
LDS8SeO6hyg,2019-06-18 19:56:00 UTC
Do5fMxiTPo8,2019-06-18 19:10:19 UTC
LTXTeAt2mpg,2017-12-16 18:58:23 UTC
ByC8sRdL-Ro,2017-12-16 18:54:13 UTC
yuReya7_zsY,2017-12-09 21:58:26 UTC
L5SJDLkE7Tg,2017-12-08 15:35:54 UTC
V40IFuNrEy0,2017-12-08 14:28:20 UTC
g_UMoi_EVqg,2017-12-07 05:14:48 UTC
urT_lrk369o,2017-11-23 22:49:25 UTC
xYni6iVcRGc,2017-11-14 20:35:15 UTC
